"ip","cntMalDom","cntDom","sumIPDomMalEng","maxIPDomMalEng","minIPDomMalEng","avgIPDomMalEng","maxIPDomCisco","minIPDomCisco","avgIPDomCisco","sumIPMalDom","maxIPMalDom","avgIPMalDom","minIPMalDom","mMaxIPMalDom"
"38.90.226.36","","1","0","","","","0.997212","0.997212","0.997212","0","","","",""
"13.82.28.61","","1","0","","","","0.4910103333333333","0.4910103333333333","0.4910103333333333","0","","","",""
"104.69.219.202","","1","0","","","","0.4910103333333333","0.4910103333333333","0.4910103333333333","0","","","",""
"52.85.132.58","","1","0","","","","0.061981","0.061981","0.061981","0","","","",""
"104.129.195.18","","1","0","","","","0.9768574999999999","0.9768574999999999","0.9768574999999999","0","","","",""
"23.221.72.33","","1","0","","","","0.9768574999999999","0.9768574999999999","0.9768574999999999","0","","","",""
"203.205.219.54","1","1","1.0","1.0","1.0","1.0","0.99659","0.99659","0.99659","1.0","1.0","1.0","1.0","1.0"
"203.205.219.244","1","2","1.0","1.0","1.0","1.0","0.99659","0.0","0.498295","1.0","1.0","1.0","1.0","1.0"
"129.226.103.140","1","1","1.0","1.0","1.0","1.0","0.99659","0.99659","0.99659","1.0","1.0","1.0","1.0","1.0"
"104.18.186.242","","1","0","","","","0.0","0.0","0.0","0","","","",""
"104.239.186.96","","1","0","","","","0.0","0.0","0.0","0","","","",""
"69.162.80.57","","1","0","","","","0.0","0.0","0.0","0","","","",""
"104.112.36.219","","1","0","","","","0.938075","0.938075","0.938075","0","","","",""
"188.72.236.136","1","1","3.0","3.0","3.0","3.0","0.690024","0.690024","0.690024","3.0","3.0","3.0","3.0","3.0"
"94.19.162.211","","1","0","","","","0.801927","0.801927","0.801927","0","","","",""
"34.196.81.124","1","1","1.0","1.0","1.0","1.0","0.613824","0.613824","0.613824","1.0","1.0","1.0","1.0","1.0"
"15.249.152.85","","1","0","","","","0.783013","0.783013","0.783013","0","","","",""
"47.96.81.96","","1","0","","","","0.708072","0.708072","0.708072","0","","","",""
"52.96.90.40","","1","0","","","","0.0","0.0","0.0","0","","","",""
"111.230.117.40","","1","0","","","","0.985803","0.985803","0.985803","0","","","",""
"58.218.203.241","","1","0","","","","0.98873","0.98873","0.98873","0","","","",""
"23.221.75.177","","1","0","","","","0.99752","0.99752","0.99752","0","","","",""
"52.85.132.8","","1","0","","","","0.0","0.0","0.0","0","","","",""
"208.85.42.32","","1","0","","","","0.9906865","0.9906865","0.9906865","0","","","",""
"208.85.42.21","","1","0","","","","0.9906865","0.9906865","0.9906865","0","","","",""
"52.77.123.80","","1","0","","","","0.86103","0.86103","0.86103","0","","","",""
"157.185.177.205","","1","0","","","","0.86103","0.86103","0.86103","0","","","",""
"69.20.59.73","1","1","1.0","1.0","1.0","1.0","0.935503","0.935503","0.935503","1.0","1.0","1.0","1.0","1.0"
"101.32.133.53","","1","0","","","","0.99267","0.99267","0.99267","0","","","",""
"54.83.234.161","","1","0","","","","0.64894","0.64894","0.64894","0","","","",""
"192.101.102.2","","1","0","","","","0.0","0.0","0.0","0","","","",""
"172.67.10.192","","1","0","","","","0.484833","0.484833","0.484833","0","","","",""
"111.206.209.80","","1","0","","","","0.987324","0.987324","0.987324","0","","","",""
"205.140.221.32","","1","0","","","","0.0","0.0","0.0","0","","","",""
"34.102.169.19","","1","0","","","","0.667674","0.667674","0.667674","0","","","",""
"95.217.161.135","","1","0","","","","0.954701","0.954701","0.954701","0","","","",""
"96.126.119.160","","1","0","","","","0.265956","0.265956","0.265956","0","","","",""
"167.71.154.128","","1","0","","","","0.613396","0.613396","0.613396","0","","","",""
"154.127.54.46","","1","0","","","","0.0","0.0","0.0","0","","","",""
"44.236.215.95","","1","0","","","","0.0","0.0","0.0","0","","","",""
"106.14.21.193","","1","0","","","","0.355134","0.355134","0.355134","0","","","",""
"38.105.93.109","","1","0","","","","0.810775","0.810775","0.810775","0","","","",""
"198.11.132.221","","1","0","","","","0.995501","0.995501","0.995501","0","","","",""
"23.221.75.153","","1","0","","","","0.937486","0.937486","0.937486","0","","","",""
"45.136.240.225","","1","0","","","","0.0","0.0","0.0","0","","","",""
"176.32.98.203","","1","0","","","","0.980074","0.980074","0.980074","0","","","",""
"218.12.76.163","","1","0","","","","0.981222","0.981222","0.981222","0","","","",""
"208.87.234.202","","1","0","","","","1.0","1.0","1.0","0","","","",""
"1.192.193.117","","1","0","","","","0.985171","0.985171","0.985171","0","","","",""
"180.163.249.53","","1","0","","","","0.985171","0.985171","0.985171","0","","","",""
"180.163.230.211","","1","0","","","","0.985171","0.985171","0.985171","0","","","",""
"36.110.235.8","","1","0","","","","0.985171","0.985171","0.985171","0","","","",""
"157.185.146.132","","1","0","","","","0.744137","0.744137","0.744137","0","","","",""
"3.222.35.82","","1","0","","","","0.0","0.0","0.0","0","","","",""
"104.106.9.181","","1","0","","","","0.803473","0.803473","0.803473","0","","","",""
"104.16.114.12","","1","0","","","","0.958885","0.958885","0.958885","0","","","",""
"221.228.75.123","1","1","1.0","1.0","1.0","1.0","0.9611780000000001","0.9611780000000001","0.9611780000000001","1.0","1.0","1.0","1.0","1.0"
"180.163.56.219","1","1","1.0","1.0","1.0","1.0","0.9611780000000001","0.9611780000000001","0.9611780000000001","1.0","1.0","1.0","1.0","1.0"
"45.60.12.165","","1","0","","","","0.0","0.0","0.0","0","","","",""
"23.221.72.51","","1","0","","","","0.978719","0.978719","0.978719","0","","","",""
"172.217.2.116","","1","0","","","","0.0","0.0","0.0","0","","","",""
"69.28.157.216","","1","0","","","","0.990662","0.990662","0.990662","0","","","",""
"74.125.155.136","","1","0","","","","0.383701","0.383701","0.383701","0","","","",""
"52.52.60.36","","1","0","","","","0.0","0.0","0.0","0","","","",""
"205.220.232.141","","1","0","","","","0.0","0.0","0.0","0","","","",""
"152.195.53.31","","1","0","","","","0.99616","0.99616","0.99616","0","","","",""
"3.133.107.204","","1","0","","","","0.795711","0.795711","0.795711","0","","","",""
"162.244.87.58","","1","0","","","","0.831702","0.831702","0.831702","0","","","",""
"110.43.89.12","","1","0","","","","0.0","0.0","0.0","0","","","",""
"35.241.26.54","1","1","1.0","1.0","1.0","1.0","0.989822","0.989822","0.989822","1.0","1.0","1.0","1.0","1.0"
"47.246.44.229","1","1","1.0","1.0","1.0","1.0","0.989822","0.989822","0.989822","1.0","1.0","1.0","1.0","1.0"
"34.206.49.201","","1","0","","","","0.986397","0.986397","0.986397","0","","","",""
"129.7.128.189","","1","0","","","","0.864724","0.864724","0.864724","0","","","",""
"13.32.181.77","","1","0","","","","0.729156","0.729156","0.729156","0","","","",""
"99.84.218.36","","1","0","","","","0.997432","0.997432","0.997432","0","","","",""
"104.192.108.134","1","1","1.0","1.0","1.0","1.0","0.0","0.0","0.0","1.0","1.0","1.0","1.0","1.0"
"129.21.171.72","","1","0","","","","0.820533","0.820533","0.820533","0","","","",""
"198.128.151.17","","1","0","","","","0.520011","0.520011","0.520011","0","","","",""
"5.62.44.238","","1","0","","","","0.998527","0.998527","0.998527","0","","","",""
"104.21.19.167","","1","0","","","","0.374054","0.374054","0.374054","0","","","",""
"58.215.158.238","","1","0","","","","0.982301","0.982301","0.982301","0","","","",""
"172.217.5.234","","1","0","","","","0.999608","0.999608","0.999608","0","","","",""
"147.0.119.147","","1","0","","","","0.0","0.0","0.0","0","","","",""
"18.206.109.10","","1","0","","","","0.0","0.0","0.0","0","","","",""
"23.221.75.154","","1","0","","","","0.901122","0.901122","0.901122","0","","","",""
"104.104.90.50","","1","0","","","","0.0","0.0","0.0","0","","","",""
"23.54.187.27","","1","0","","","","0.817399","0.817399","0.817399","0","","","",""
"51.75.78.103","1","1","1.0","1.0","1.0","1.0","0.785632","0.785632","0.785632","1.0","1.0","1.0","1.0","1.0"
"99.86.186.18","","1","0","","","","0.0","0.0","0.0","0","","","",""
"192.184.68.216","","1","0","","","","0.98508","0.98508","0.98508","0","","","",""
"99.84.98.54","","1","0","","","","0.987426","0.987426","0.987426","0","","","",""
"206.124.13.171","","1","0","","","","0.867957","0.867957","0.867957","0","","","",""
"52.218.204.243","","1","0","","","","0.955025","0.955025","0.955025","0","","","",""
"23.221.72.43","","1","0","","","","0.924531","0.924531","0.924531","0","","","",""
"172.64.172.12","","1","0","","","","0.995706","0.995706","0.995706","0","","","",""
"172.67.144.164","","1","0","","","","0.831493","0.831493","0.831493","0","","","",""
"128.135.20.9","","1","0","","","","0.840967","0.840967","0.840967","0","","","",""
"118.26.120.3","","1","0","","","","0.973338","0.973338","0.973338","0","","","",""
