firstseen_date,lastseen_date,firstseen_log_type,lastseen_log_type,days_since_lastseen,days_since_firstseen,count_since_firstseen,isIP,host
2020-05-02,2021-03-29,HTTPSSL,HTTPSSL,0,331,330.0,1.0,104.192.108.134
2020-05-02,2021-03-29,HTTPSSL,HTTPSSL,0,331,330.0,1.0,110.43.89.12
2020-05-02,2021-03-29,HTTPSSL,HTTPSSL,0,331,330.0,1.0,203.205.219.244
2020-05-02,2021-03-29,HTTPSSL,HTTPSSL,0,331,197.0,0.0,activation.vectorworks.net
2020-05-02,2021-03-29,HTTPSSL,HTTPSSL,0,331,330.0,0.0,ad.adsrvr.org
2020-05-02,2021-03-29,HTTPSSL,HTTPSSL,0,331,322.0,0.0,annals.org
2020-05-02,2021-03-29,HTTPSSL,HTTPSSL,0,331,330.0,0.0,api.winzip.com
2020-05-02,2021-03-29,HTTPSSL,HTTPSSL,0,331,329.0,0.0,api.wunderground.com
2020-05-02,2021-03-29,HTTPSSL,HTTPSSL,0,331,260.0,0.0,autodiscover.darden44.onmicrosoft.com
2020-05-02,2021-03-29,HTTPSSL,HTTPSSL,0,331,319.0,0.0,bay.uchicago.edu
2020-05-02,2021-03-29,HTTPSSL,HTTPSSL,0,331,330.0,0.0,cdn-file.ludashi.com
2020-05-02,2021-03-29,HTTPSSL,HTTPSSL,0,331,329.0,0.0,cdn.ap.bittorrent.com
2020-05-02,2021-03-29,HTTPSSL,HTTPSSL,0,331,330.0,0.0,clientconfig.akamai.steamstatic.com
2020-05-02,2021-03-29,HTTPSSL,HTTPSSL,0,331,330.0,0.0,cnzz.mmstat.com
2020-05-02,2021-03-29,HTTPSSL,HTTPSSL,0,331,330.0,0.0,config.teams.microsoft.com
2020-05-02,2021-03-29,HTTPSSL,HTTPSSL,0,331,330.0,0.0,cont-1.p-cdn.us
2020-05-02,2021-03-29,HTTPSSL,HTTPSSL,0,331,330.0,0.0,d.skconf.f.360.cn
2020-05-02,2021-03-29,HTTPSSL,HTTPSSL,0,331,330.0,0.0,d3h5bk8iotgjvw.cloudfront.net
2020-05-02,2021-03-29,HTTPSSL,HTTPSSL,0,331,330.0,0.0,diskapi.baidu.com
2020-05-02,2021-03-29,HTTPSSL,HTTPSSL,0,331,330.0,0.0,dl2.acronis.com
2020-05-02,2021-03-29,HTTPSSL,HTTPSSL,0,331,330.0,0.0,dlassets.xboxlive.com
2020-05-02,2021-03-29,HTTPSSL,HTTPSSL,0,331,330.0,0.0,duba-defend.zhhainiao.com
2020-05-02,2021-03-29,HTTPSSL,HTTPSSL,0,331,330.0,0.0,edge.quantserve.com
2020-05-02,2021-03-29,HTTPSSL,HTTPSSL,0,331,209.0,0.0,feed2ical.appspot.com
2020-05-02,2021-03-29,HTTPSSL,HTTPSSL,0,331,330.0,0.0,forefrontdl.microsoft.com
2020-05-02,2021-03-29,HTTPSSL,HTTPSSL,0,331,330.0,0.0,gfwsl.geforce.com
2020-05-02,2021-03-29,HTTPSSL,HTTPSSL,0,331,330.0,0.0,google.com
2020-05-02,2021-03-29,HTTPSSL,HTTPSSL,0,331,330.0,0.0,helpdubaclient.ksmobile.com
2020-05-02,2021-03-29,HTTPSSL,HTTPSSL,0,331,330.0,0.0,http.00.h.sophosxl.net
2020-05-02,2021-03-29,HTTPSSL,HTTPSSL,0,331,330.0,0.0,ical-cdn.teamsnap.com
2020-05-02,2021-03-29,HTTPSSL,HTTPSSL,0,331,330.0,0.0,imasdk.googleapis.com
2020-05-02,2021-03-29,HTTPSSL,HTTPSSL,0,331,330.0,0.0,img1.pcfg.cache.wpscdn.cn
2020-05-02,2021-03-29,HTTPSSL,HTTPSSL,0,331,276.0,0.0,img2.chinadaily.com.cn
2020-05-02,2021-03-29,HTTPSSL,HTTPSSL,0,331,330.0,0.0,ip-info.ff.avast.com
2020-05-02,2021-03-29,HTTPSSL,HTTPSSL,0,331,330.0,0.0,kindle-time.amazon.com
2020-05-02,2021-03-29,HTTPSSL,HTTPSSL,0,331,330.0,0.0,li.wayfair.com
2020-05-02,2021-03-29,HTTPSSL,HTTPSSL,0,331,299.0,0.0,list3.ppstream.com.iqiyi.com
2020-05-02,2021-03-29,HTTPSSL,HTTPSSL,0,331,329.0,0.0,mirror.datto.com
2020-05-02,2021-03-29,HTTPSSL,HTTPSSL,0,331,329.0,0.0,mirror.pnl.gov
2020-05-02,2021-03-29,HTTPSSL,HTTPSSL,0,331,330.0,0.0,mirrors.rit.edu
2020-05-02,2021-03-29,HTTPSSL,HTTPSSL,0,331,324.0,0.0,mlb.am
2020-05-02,2021-03-29,HTTPSSL,HTTPSSL,0,331,265.0,0.0,ncps-va.powerschool.com
2020-05-02,2021-03-29,HTTPSSL,HTTPSSL,0,331,327.0,0.0,ocsp.geotrust.com
2020-05-02,2021-03-29,HTTPSSL,HTTPSSL,0,331,330.0,0.0,optsdk.gameyw.netease.com
2020-05-02,2021-03-29,HTTPSSL,HTTPSSL,0,331,330.0,0.0,pico.eset.com
2020-05-02,2021-03-29,HTTPSSL,HTTPSSL,0,331,330.0,0.0,primary.hls-streaming.production.streaming.siriusxm.com
2020-05-02,2021-03-29,HTTPSSL,HTTPSSL,0,331,330.0,0.0,print-screen.us
2020-05-02,2021-03-29,HTTPSSL,HTTPSSL,0,331,328.0,0.0,ps1.es.net
2020-05-02,2021-03-29,HTTPSSL,HTTPSSL,0,331,327.0,0.0,pubmirror1.math.uh.edu
2020-05-02,2021-03-29,HTTPSSL,HTTPSSL,0,331,329.0,0.0,push.khd.2345.cc
2020-05-02,2021-03-29,HTTPSSL,HTTPSSL,0,331,330.0,0.0,qbwup.imtt.qq.com
2020-05-02,2021-03-29,HTTPSSL,HTTPSSL,0,331,330.0,0.0,rss.msnbc.msn.com
2020-05-02,2021-03-29,HTTPSSL,HTTPSSL,0,331,328.0,0.0,server.livingearthapp.com
2020-05-02,2021-03-29,HTTPSSL,HTTPSSL,0,331,330.0,0.0,siteimproveanalytics.com
2020-05-02,2021-03-29,HTTPSSL,HTTPSSL,0,331,327.0,0.0,speedtest-zion.fireflyva.com
2020-05-02,2021-03-29,HTTPSSL,HTTPSSL,0,331,311.0,0.0,static.monosnap.com
2020-05-02,2021-03-29,HTTPSSL,HTTPSSL,0,331,330.0,0.0,switch1.pcfg.cache.wpscdn.com
2020-05-02,2021-03-29,HTTPSSL,HTTPSSL,0,331,314.0,0.0,syzs.qq.com
2020-05-02,2021-03-29,HTTPSSL,HTTPSSL,0,331,330.0,0.0,t1-5.p-cdn.us
2020-05-02,2021-03-29,HTTPSSL,HTTPSSL,0,331,189.0,0.0,task.browser.360.cn
2020-05-02,2021-03-29,HTTPSSL,HTTPSSL,0,331,330.0,0.0,tconf2.f.360.cn
2020-05-02,2021-03-29,HTTPSSL,HTTPSSL,0,331,321.0,0.0,ts.minipage.2345.cc
2020-05-02,2021-03-29,HTTPSSL,HTTPSSL,0,331,329.0,0.0,uapi.mp.360.cn
2020-05-02,2021-03-29,HTTPSSL,HTTPSSL,0,331,253.0,0.0,upgrade.actiontec.com
2020-05-02,2021-03-29,HTTPSSL,HTTPSSL,0,331,330.0,0.0,v4.ipv6-test.com
2020-05-02,2021-03-29,HTTPSSL,HTTPSSL,0,331,330.0,0.0,vibsdepot.hpe.com
2020-05-02,2021-03-29,HTTPSSL,HTTPSSL,0,331,330.0,0.0,wdl1.pcfg.cache.wpscdn.com
2020-05-02,2021-03-29,HTTPSSL,HTTPSSL,0,331,330.0,0.0,weather.service.msn.com
2020-05-02,2021-03-29,HTTPSSL,HTTPSSL,0,331,318.0,0.0,www.bricksball.com
2020-05-02,2021-03-29,HTTPSSL,HTTPSSL,0,331,291.0,0.0,www.horosproject.org
2020-05-02,2021-03-29,HTTPSSL,HTTPSSL,0,331,320.0,0.0,www.msnbc.msn.com
2020-05-02,2021-03-29,HTTPSSL,HTTPSSL,0,331,330.0,0.0,www.xilinx.com
2020-05-02,2021-03-29,HTTPSSL,HTTPSSL,0,331,328.0,0.0,xml.shoptowin.net
2020-05-02,2021-03-29,HTTPSSL,HTTPSSL,0,331,330.0,0.0,yum.puppetlabs.com
2020-05-04,2021-03-29,HTTPSSL,HTTPSSL,0,329,207.0,0.0,www.gamepk.us
2020-05-06,2021-03-29,HTTPSSL,HTTPSSL,0,327,118.0,0.0,vsuite.omnicell.com
2020-05-08,2021-03-29,HTTPSSL,HTTPSSL,0,325,110.0,0.0,www.centralll.com
2020-07-07,2021-03-29,HTTPSSL,HTTPSSL,0,265,264.0,0.0,search.nejm.org
2020-07-19,2021-03-29,HTTPSSL,HTTPSSL,0,253,249.0,0.0,lolesports.com
2020-07-20,2021-03-29,HTTPSSL,HTTPSSL,0,252,159.0,0.0,ovsyndication.kicker.de
2020-08-19,2021-03-29,HTTPSSL,HTTPSSL,0,222,218.0,0.0,gmaapi.365retailmarkets.com
2020-09-02,2021-03-29,HTTPSSL,HTTPSSL,0,208,207.0,0.0,mirror.ette.biz
2020-10-04,2021-03-29,HTTPSSL,HTTPSSL,0,176,155.0,0.0,onmyoji.fp.ps.netease.com
2020-10-13,2021-03-29,HTTPSSL,HTTPSSL,0,167,167.0,0.0,astat.bugly.qq.com
2020-10-14,2021-03-29,HTTPSSL,HTTPSSL,0,166,166.0,0.0,ensight.bondtech.com
2020-11-07,2021-03-29,HTTPSSL,HTTPSSL,0,142,103.0,0.0,prnewswire.d2.sc.omtrdc.net
2020-11-10,2021-03-29,HTTPSSL,HTTPSSL,0,139,139.0,0.0,x8960797.iavs9x.avg.u.avcdn.net
2020-11-19,2021-03-29,HTTPSSL,HTTPSSL,0,130,130.0,0.0,r3---sn-p5qs7nsk.gvt1.com
2020-11-29,2021-03-29,HTTPSSL,HTTPSSL,0,120,112.0,0.0,iBoot.co
2020-12-03,2021-03-29,HTTPSSL,HTTPSSL,0,116,95.0,0.0,15dfjkbvdf.club
2020-12-03,2021-03-29,HTTPSSL,HTTPSSL,0,116,112.0,0.0,repos.forethought.net
2020-12-24,2021-03-29,HTTPSSL,HTTPSSL,0,95,72.0,1.0,104.104.90.50
2021-01-09,2021-03-29,HTTPSSL,HTTPSSL,0,79,35.0,0.0,tracker.lelux.fi
2021-01-09,2021-03-29,HTTPSSL,HTTPSSL,0,79,43.0,0.0,tracker.tambovnet.org
2021-01-12,2021-03-29,HTTPSSL,HTTPSSL,0,76,77.0,0.0,a1trjju9lgpi83-ats.iot.us-east-1.amazonaws.com
2021-01-15,2021-03-29,HTTPSSL,HTTPSSL,0,73,74.0,0.0,uploads.engagephd.com
2021-02-02,2021-03-29,HTTPSSL,HTTPSSL,0,55,53.0,0.0,todolist.redirect.xzdesktop.cqttech.com
2021-02-02,2021-03-29,HTTPSSL,HTTPSSL,0,55,48.0,0.0,wx.huion.cn
2021-03-04,2021-03-29,HTTPSSL,HTTPSSL,0,25,16.0,0.0,sgminorshort.wechat.com
2021-03-23,2021-03-29,HTTPSSL,HTTPSSL,0,6,6.0,0.0,st.dabaraw.com
